phase,line,protocol,daq_samples,write_p50_ms,write_p95_ms,readback_delta,f5_rejected,f5_total,false_block,loop_iterations,convergence_s,mission_writes,mission_final_pv,mission_target,mission_attained,node_rollback,rollback_before,rollback_after,hitl_ok,hitl_latency_ms,recipe_versions,recipe_lastgood,recipe_applied_run,param_write_pass,product_layer_block,standing_layer_block,param_read_ok,seed,J0,Jend,Jstar,ratio,iters,writes,rejected,converged,wall_s,preset,backstop_fired,backstop_restored,latency_s,record,biax_devices,biax_dcw,biax_daq,biax_writes,biax_distinct,biax_final_um,biax_attained,team_state,team_dispatched,memory_idempotent,harnesses,harnesses_available
P3,1,modbus-tcp,6,48.718,95.612,0.04,6,6,0,,,,,,,,,,,,,,,,,,,,,,,,,,,,,,,,,,,,,,,,,,,,,
P3,2,opcua,10,20.887,38.122,0,6,6,0,,,,,,,,,,,,,,,,,,,,,,,,,,,,,,,,,,,,,,,,,,,,,
P3,3,mqtt,12,19.478,20.719,,6,6,0,,,,,,,,,,,,,,,,,,,,,,,,,,,,,,,,,,,,,,,,,,,,,
P3,4,http,13,32.764,33.578,,6,6,0,,,,,,,,,,,,,,,,,,,,,,,,,,,,,,,,,,,,,,,,,,,,,
P3,5,modbus-rtu,14,,,,,,,,,,,,,,,,,,,,,,,,,,,,,,,,,,,,,,,,,,,,,,,,,,,
P4,1,modbus-tcp,,,,,,,,3,6.335,,,,,,,,,,,,,,,,,,,,,,,,,,,,,,,,,,,,,,,,,,,
P4,2,opcua,,,,,,,,3,4.342,,,,,,,,,,,,,,,,,,,,,,,,,,,,,,,,,,,,,,,,,,,
P4,3,mqtt,,,,,,,,3,4.326,,,,,,,,,,,,,,,,,,,,,,,,,,,,,,,,,,,,,,,,,,,
P4,4,http,,,,,,,,3,4.338,,,,,,,,,,,,,,,,,,,,,,,,,,,,,,,,,,,,,,,,,,,
P4m,1,modbus-tcp,,,,,,,,,,1,204.6999969482422,204.704,1,,,,,,,,,,,,,,,,,,,,,,,,,,,,,,,,,,,,,,,
P4b,1,modbus-tcp,,,,,,,,,,,,,,true,208.10000610351562,208.10000610351562,,,,,,,,,,,,,,,,,,,,,,,,,,,,,,,,,,,,
P4c,2,opcua,,,,,,,,,,,,,,,,,true,433,,,,,,,,,,,,,,,,,,,,,,,,,,,,,,,,,,
P4e,1,modbus-tcp,,,,,,,,,,,,,,,,,,,3,rr-8284e4d6,rr-747b117e,,,,,,,,,,,,,,,,,,,,,,,,,,,,,,,
P4e,2,opcua,,,,,,,,,,,,,,,,,,,3,rr-b097d750,rr-347503cc,,,,,,,,,,,,,,,,,,,,,,,,,,,,,,,
P4f,2,opcua,,,,,,,,,,,,,,,,,,,,,,true,true,true,true,,,,,,,,,,,,,,,,,,,,,,,,,,,
P6,,castfilm,,,,,,,,,,,,,,,,,,,,,,,,,,42,68.74,86.949,89.894,0.967,2,2,0,true,36.245,,,,,,,,,,,,,,,,,
P6,,castfilm,,,,,,,,,,,,,,,,,,,,,,,,,,43,68.688,87.159,89.894,0.97,2,2,0,true,36.235,,,,,,,,,,,,,,,,,
P6,,castfilm,,,,,,,,,,,,,,,,,,,,,,,,,,44,65.023,87.08,89.894,0.969,2,2,0,true,36.266,,,,,,,,,,,,,,,,,
P8,1,modbus-tcp,7,,,0.04,3,3,0,,,,,,,,,,,,,,,,,,,,,,,,,,,,,film-line,,,,,,,,,,,,,,,,
P8,2,opcua,11,,,0,3,3,0,,,,,,,,,,,,,,,,,,,,,,,,,,,,,film-line,,,,,,,,,,,,,,,,
P8,3,mqtt,11,,,,3,3,0,,,,,,,,,,,,,,,,,,,,,,,,,,,,,film-line,,,,,,,,,,,,,,,,
P8,4,modbus-rtu,11,,,,,,,,,,,,,,,,,,,,,,,,,,,,,,,,,,,film-line,,,,,,,,,,,,,,,,
P8,5,http,11,,,,,,,,,,,,,,,,,,,,,,,,,,,,,,,,,,,film-line,,,,,,,,,,,,,,,,
P8b,,modbus-tcp,,,,,,,,,,,,,,,,,,,,,,,,,,,,,,,,,,,,,true,true,120.175,opt-63336533,,,,,,,,,,,,
P10,,,,,,,,,,,,,,,,,,,,,,,,,,,,,,,,,,,,,,,,,,,9,30,19,4,3,25.40,1,,,,,
P9,,,,,,,,,,,,,,,,,,,,,,,,,,,,,,,,,,,,,,,,,,,,,,,,,,COMPLETED,true,true,14,14