phase,line,protocol,daq_samples,write_p50_ms,write_p95_ms,readback_delta,f5_rejected,f5_total,false_block,loop_iterations,convergence_s,mission_writes,mission_final_pv,mission_target,mission_attained,node_rollback,rollback_before,rollback_after,hitl_ok,hitl_latency_ms,recipe_versions,recipe_lastgood,recipe_applied_run,seed,J0,Jend,Jstar,ratio,iters,writes,rejected,converged,wall_s,preset,backstop_fired,backstop_restored,latency_s,record,biax_devices,biax_dcw,biax_daq,biax_writes,biax_distinct,biax_final_um,biax_attained,team_state,team_dispatched,memory_idempotent,harnesses,harnesses_available
P3,1,modbus-tcp,4,48.495,702.053,0.04,6,6,0,,,,,,,,,,,,,,,,,,,,,,,,,,,,,,,,,,,,,,,,,
P3,2,opcua,12,21.117,34.754,0,6,6,0,,,,,,,,,,,,,,,,,,,,,,,,,,,,,,,,,,,,,,,,,
P3,3,mqtt,12,19.279,19.8,,6,6,0,,,,,,,,,,,,,,,,,,,,,,,,,,,,,,,,,,,,,,,,,
P3,4,http,13,32.583,33.419,,6,6,0,,,,,,,,,,,,,,,,,,,,,,,,,,,,,,,,,,,,,,,,,
P3,5,modbus-rtu,14,,,,,,,,,,,,,,,,,,,,,,,,,,,,,,,,,,,,,,,,,,,,,,,
P4,1,modbus-tcp,,,,,,,,3,4.496,,,,,,,,,,,,,,,,,,,,,,,,,,,,,,,,,,,,,,,
P4,2,opcua,,,,,,,,3,4.384,,,,,,,,,,,,,,,,,,,,,,,,,,,,,,,,,,,,,,,
P4,3,mqtt,,,,,,,,3,4.328,,,,,,,,,,,,,,,,,,,,,,,,,,,,,,,,,,,,,,,
P4,4,http,,,,,,,,3,4.37,,,,,,,,,,,,,,,,,,,,,,,,,,,,,,,,,,,,,,,
P4m,1,modbus-tcp,,,,,,,,,,1,204.6999969482422,204.704,1,,,,,,,,,,,,,,,,,,,,,,,,,,,,,,,,,,,
P4b,1,modbus-tcp,,,,,,,,,,,,,,true,208.10000610351562,208.10000610351562,,,,,,,,,,,,,,,,,,,,,,,,,,,,,,,,
P4c,2,opcua,,,,,,,,,,,,,,,,,true,18,,,,,,,,,,,,,,,,,,,,,,,,,,,,,,
P4e,1,modbus-tcp,,,,,,,,,,,,,,,,,,,3,rr-1961ef01,rr-87f69380,,,,,,,,,,,,,,,,,,,,,,,,,,,
P4e,2,opcua,,,,,,,,,,,,,,,,,,,3,rr-1ee11067,rr-e173bdd7,,,,,,,,,,,,,,,,,,,,,,,,,,,
P6,,castfilm,,,,,,,,,,,,,,,,,,,,,,42,70.167,86.871,89.894,0.966,2,2,0,true,36.23,,,,,,,,,,,,,,,,,
P6,,castfilm,,,,,,,,,,,,,,,,,,,,,,43,68.635,87.236,89.894,0.97,2,2,0,true,36.229,,,,,,,,,,,,,,,,,
P6,,castfilm,,,,,,,,,,,,,,,,,,,,,,44,71.185,87.184,89.894,0.97,2,2,0,true,36.2,,,,,,,,,,,,,,,,,
P8,1,modbus-tcp,9,,,0.04,3,3,0,,,,,,,,,,,,,,,,,,,,,,,,,film-line,,,,,,,,,,,,,,,,
P8,2,opcua,11,,,0,3,3,0,,,,,,,,,,,,,,,,,,,,,,,,,film-line,,,,,,,,,,,,,,,,
P8,3,mqtt,11,,,,3,3,0,,,,,,,,,,,,,,,,,,,,,,,,,film-line,,,,,,,,,,,,,,,,
P8,4,modbus-rtu,11,,,,,,,,,,,,,,,,,,,,,,,,,,,,,,,film-line,,,,,,,,,,,,,,,,
P8,5,http,10,,,,,,,,,,,,,,,,,,,,,,,,,,,,,,,film-line,,,,,,,,,,,,,,,,
P8b,,modbus-tcp,,,,,,,,,,,,,,,,,,,,,,,,,,,,,,,,,true,true,130.181,opt-289bd53e,,,,,,,,,,,,
P10,,,,,,,,,,,,,,,,,,,,,,,,,,,,,,,,,,,,,,,9,30,19,0,0,,0,,,,,
P9,,,,,,,,,,,,,,,,,,,,,,,,,,,,,,,,,,,,,,,,,,,,,,COMPLETED,true,true,14,14