phase,line,protocol,daq_samples,write_p50_ms,write_p95_ms,readback_delta,f5_rejected,f5_total,false_block,loop_iterations,convergence_s,mission_writes,mission_final_pv,mission_target,mission_attained,node_rollback,rollback_before,rollback_after,hitl_ok,hitl_latency_ms,recipe_versions,recipe_lastgood,recipe_applied_run,agent_harness,agent_state,agent_wall_s,agent_oracle,goal_state,goal_pv,goal_band,goal_writes,goal_oracle,seed,J0,Jend,Jstar,ratio,iters,writes,rejected,converged,wall_s,preset,backstop_fired,backstop_restored,latency_s,record,team_state,team_dispatched,memory_idempotent,harnesses,harnesses_available
P3,1,modbus-tcp,5,51.572,94.98,0.04,6,6,0,,,,,,,,,,,,,,,,,,,,,,,,,,,,,,,,,,,,,,,,,,,
P3,2,opcua,11,18.875,32.557,0,6,6,0,,,,,,,,,,,,,,,,,,,,,,,,,,,,,,,,,,,,,,,,,,,
P3,3,mqtt,12,19.586,19.824,,6,6,0,,,,,,,,,,,,,,,,,,,,,,,,,,,,,,,,,,,,,,,,,,,
P3,4,http,13,32.309,33.259,,6,6,0,,,,,,,,,,,,,,,,,,,,,,,,,,,,,,,,,,,,,,,,,,,
P3,5,modbus-rtu,14,,,,,,,,,,,,,,,,,,,,,,,,,,,,,,,,,,,,,,,,,,,,,,,,,
P4,1,modbus-tcp,,,,,,,,3,4.55,,,,,,,,,,,,,,,,,,,,,,,,,,,,,,,,,,,,,,,,,
P4,2,opcua,,,,,,,,3,4.395,,,,,,,,,,,,,,,,,,,,,,,,,,,,,,,,,,,,,,,,,
P4,3,mqtt,,,,,,,,3,4.342,,,,,,,,,,,,,,,,,,,,,,,,,,,,,,,,,,,,,,,,,
P4,4,http,,,,,,,,3,4.367,,,,,,,,,,,,,,,,,,,,,,,,,,,,,,,,,,,,,,,,,
P4m,1,modbus-tcp,,,,,,,,,,1,204.6999969482422,204.704,1,,,,,,,,,,,,,,,,,,,,,,,,,,,,,,,,,,,,,
P4b,1,modbus-tcp,,,,,,,,,,,,,,true,208.10000610351562,208.10000610351562,,,,,,,,,,,,,,,,,,,,,,,,,,,,,,,,,,
P4c,2,opcua,,,,,,,,,,,,,,,,,true,451,,,,,,,,,,,,,,,,,,,,,,,,,,,,,,,,
P4e,1,modbus-tcp,,,,,,,,,,,,,,,,,,,3,rr-4eeb7cd4,rr-1db56f22,,,,,,,,,,,,,,,,,,,,,,,,,,,,,
P4e,2,opcua,,,,,,,,,,,,,,,,,,,3,rr-f82430a4,rr-335abe01,,,,,,,,,,,,,,,,,,,,,,,,,,,,,
P5,1,modbus-tcp,,,,,,,,,,,,,,,,,,,,,,omp,COMPLETED,168.404,true,,,,,,,,,,,,,,,,,,,,,,,,,
P5b,1,modbus-tcp,,,,,,,,,,,,,,,,,,,,,,,,,,WORKING,200.079,200.84-204.2,3,true,,,,,,,,,,,,,,,,,,,,
P6,,castfilm,,,,,,,,,,,,,,,,,,,,,,,,,,,,,,,42,66.788,87.237,89.894,0.97,2,2,0,true,36.193,,,,,,,,,,
P6,,castfilm,,,,,,,,,,,,,,,,,,,,,,,,,,,,,,,43,66.946,87.079,89.894,0.969,2,2,0,true,36.175,,,,,,,,,,
P6,,castfilm,,,,,,,,,,,,,,,,,,,,,,,,,,,,,,,44,67.152,87.184,89.894,0.97,2,2,0,true,36.166,,,,,,,,,,
P8,1,modbus-tcp,10,,,0.04,3,3,0,,,,,,,,,,,,,,,,,,,,,,,,,,,,,,,,,,film-line,,,,,,,,,
P8,2,opcua,11,,,0,3,3,0,,,,,,,,,,,,,,,,,,,,,,,,,,,,,,,,,,film-line,,,,,,,,,
P8,3,mqtt,12,,,,3,3,0,,,,,,,,,,,,,,,,,,,,,,,,,,,,,,,,,,film-line,,,,,,,,,
P8,4,modbus-rtu,12,,,,,,,,,,,,,,,,,,,,,,,,,,,,,,,,,,,,,,,,film-line,,,,,,,,,
P8,5,http,11,,,,,,,,,,,,,,,,,,,,,,,,,,,,,,,,,,,,,,,,film-line,,,,,,,,,
P8b,,modbus-tcp,,,,,,,,,,,,,,,,,,,,,,,,,,,,,,,,,,,,,,,,,,true,true,120.125,opt-0dc6fa1f,,,,,
P9,,,,,,,,,,,,,,,,,,,,,,,,,,,,,,,,,,,,,,,,,,,,,,,,COMPLETED,true,true,14,14