phase,line,protocol,daq_samples,write_p50_ms,write_p95_ms,readback_delta,f5_rejected,f5_total,false_block,loop_iterations,convergence_s,mission_writes,mission_final_pv,mission_target,mission_attained,node_rollback,rollback_before,rollback_after,hitl_ok,hitl_latency_ms,recipe_versions,recipe_lastgood,recipe_applied_run,param_write_pass,product_layer_block,standing_layer_block,param_read_ok,preset,backstop_fired,backstop_restored,latency_s,record,biax_devices,biax_dcw,biax_daq,biax_writes,biax_distinct,biax_final_um,biax_attained,team_state,team_dispatched,memory_idempotent,harnesses,harnesses_available
P3,1,modbus-tcp,2,47.478,95.528,0.04,6,6,0,,,,,,,,,,,,,,,,,,,,,,,,,,,,,,,,,,,
P3,2,opcua,9,23.901,32.824,0,6,6,0,,,,,,,,,,,,,,,,,,,,,,,,,,,,,,,,,,,
P4,1,modbus-tcp,,,,,,,,3,5.1,,,,,,,,,,,,,,,,,,,,,,,,,,,,,,,,,
P4,2,opcua,,,,,,,,3,4.348,,,,,,,,,,,,,,,,,,,,,,,,,,,,,,,,,
P4m,1,modbus-tcp,,,,,,,,,,1,204.6999969482422,204.704,1,,,,,,,,,,,,,,,,,,,,,,,,,,,,,
P4b,1,modbus-tcp,,,,,,,,,,,,,,true,208.10000610351562,208.10000610351562,,,,,,,,,,,,,,,,,,,,,,,,,,
P4c,2,opcua,,,,,,,,,,,,,,,,,true,17,,,,,,,,,,,,,,,,,,,,,,,,
P4e,1,modbus-tcp,,,,,,,,,,,,,,,,,,,3,rr-34f1c0d0,rr-644134d3,,,,,,,,,,,,,,,,,,,,,
P4e,2,opcua,,,,,,,,,,,,,,,,,,,3,rr-96d456e3,rr-46bf8dd2,,,,,,,,,,,,,,,,,,,,,
P4f,2,opcua,,,,,,,,,,,,,,,,,,,,,,false,true,true,true,,,,,,,,,,,,,,,,,
P8,1,modbus-tcp,7,,,0.04,3,3,0,,,,,,,,,,,,,,,,,,,film-line,,,,,,,,,,,,,,,,
P8,2,opcua,9,,,0,3,3,0,,,,,,,,,,,,,,,,,,,film-line,,,,,,,,,,,,,,,,
P8b,,modbus-tcp,,,,,,,,,,,,,,,,,,,,,,,,,,,true,true,130.149,opt-67529892,,,,,,,,,,,,
P10,,,,,,,,,,,,,,,,,,,,,,,,,,,,,,,,,9,30,19,1,1,0.04,0,,,,,
P9,,,,,,,,,,,,,,,,,,,,,,,,,,,,,,,,,,,,,,,,COMPLETED,true,true,14,14