phase,line,protocol,daq_samples,write_p50_ms,write_p95_ms,readback_delta,f5_rejected,f5_total,false_block,loop_iterations,convergence_s,mission_writes,mission_final_pv,mission_target,mission_attained,node_rollback,rollback_before,rollback_after,hitl_ok,hitl_latency_ms,recipe_versions,recipe_lastgood,recipe_applied_run,param_write_pass,product_layer_block,standing_layer_block,param_read_ok,seed,J0,Jend,Jstar,ratio,iters,writes,rejected,converged,wall_s,preset,backstop_fired,backstop_restored,latency_s,record,biax_devices,biax_dcw,biax_daq,biax_writes,biax_distinct,biax_final_um,biax_attained,scenario,attained,line_reused,team_state,team_dispatched,memory_idempotent,harnesses,harnesses_available
P3,1,modbus-tcp,10,47.047,48.048,0.04,6,6,0,,,,,,,,,,,,,,,,,,,,,,,,,,,,,,,,,,,,,,,,,,,,,,,,
P3,2,opcua,10,19.346,20.3,0,6,6,0,,,,,,,,,,,,,,,,,,,,,,,,,,,,,,,,,,,,,,,,,,,,,,,,
P3,3,mqtt,12,19.042,19.99,,6,6,0,,,,,,,,,,,,,,,,,,,,,,,,,,,,,,,,,,,,,,,,,,,,,,,,
P3,4,http,12,32.73,33.289,,6,6,0,,,,,,,,,,,,,,,,,,,,,,,,,,,,,,,,,,,,,,,,,,,,,,,,
P3,5,modbus-rtu,13,,,,,,,,,,,,,,,,,,,,,,,,,,,,,,,,,,,,,,,,,,,,,,,,,,,,,,
P4,1,modbus-tcp,,,,,,,,3,4.458,,,,,,,,,,,,,,,,,,,,,,,,,,,,,,,,,,,,,,,,,,,,,,
P4,2,opcua,,,,,,,,3,4.27,,,,,,,,,,,,,,,,,,,,,,,,,,,,,,,,,,,,,,,,,,,,,,
P4,3,mqtt,,,,,,,,3,4.315,,,,,,,,,,,,,,,,,,,,,,,,,,,,,,,,,,,,,,,,,,,,,,
P4,4,http,,,,,,,,3,4.326,,,,,,,,,,,,,,,,,,,,,,,,,,,,,,,,,,,,,,,,,,,,,,
P4m,1,modbus-tcp,,,,,,,,,,1,204.6999969482422,204.704,1,,,,,,,,,,,,,,,,,,,,,,,,,,,,,,,,,,,,,,,,,,
P4b,1,modbus-tcp,,,,,,,,,,,,,,true,208.10000610351562,208.10000610351562,,,,,,,,,,,,,,,,,,,,,,,,,,,,,,,,,,,,,,,
P4c,2,opcua,,,,,,,,,,,,,,,,,true,457,,,,,,,,,,,,,,,,,,,,,,,,,,,,,,,,,,,,,
P4e,1,modbus-tcp,,,,,,,,,,,,,,,,,,,3,rr-bb9271f3,rr-aac2f824,,,,,,,,,,,,,,,,,,,,,,,,,,,,,,,,,,
P4e,2,opcua,,,,,,,,,,,,,,,,,,,3,rr-a107c747,rr-1462c421,,,,,,,,,,,,,,,,,,,,,,,,,,,,,,,,,,
P4f,2,opcua,,,,,,,,,,,,,,,,,,,,,,true,true,true,true,,,,,,,,,,,,,,,,,,,,,,,,,,,,,,
P6,,castfilm,,,,,,,,,,,,,,,,,,,,,,,,,,42,77.265,86.534,89.894,0.963,7,7,0,true,96.449,,,,,,,,,,,,,,,,,,,,
P6,,castfilm,,,,,,,,,,,,,,,,,,,,,,,,,,43,68.019,87.241,89.894,0.97,2,2,0,true,36.155,,,,,,,,,,,,,,,,,,,,
P6,,castfilm,,,,,,,,,,,,,,,,,,,,,,,,,,44,66.867,87.606,89.894,0.975,2,2,0,true,36.161,,,,,,,,,,,,,,,,,,,,
P8,1,modbus-tcp,11,,,0.04,3,3,0,,,,,,,,,,,,,,,,,,,,,,,,,,,,,film-line,,,,,,,,,,,,,,,,,,,
P8,2,opcua,11,,,0,3,3,0,,,,,,,,,,,,,,,,,,,,,,,,,,,,,film-line,,,,,,,,,,,,,,,,,,,
P8,3,mqtt,11,,,,3,3,0,,,,,,,,,,,,,,,,,,,,,,,,,,,,,film-line,,,,,,,,,,,,,,,,,,,
P8,4,modbus-rtu,11,,,,,,,,,,,,,,,,,,,,,,,,,,,,,,,,,,,film-line,,,,,,,,,,,,,,,,,,,
P8,5,http,11,,,,,,,,,,,,,,,,,,,,,,,,,,,,,,,,,,,film-line,,,,,,,,,,,,,,,,,,,
P8b,,modbus-tcp,,,,,,,,,,,,,,,,,,,,,,,,,,,,,,,,,,,,,true,true,130.131,opt-12f33906,,,,,,,,,,,,,,,
P10,,,,,,,,,,,,,,,,,,,,,,,,,,,,,,,,,,,,,,,,,,,9,30,19,6,3,28.00,0,,,,,,,,
P11,,,,,,,,,,,,,,,,,,,,,,,,,,,,,,,,,,3,,,32.29,,,,,,,,,,,,,injection,1,0,,,,,
P11,,,,,,,,,,,,,,,,,,,,,,,,,,,,,,,,,,15,,,176.18,,,,,,,,,,,,,wwtp,1,0,,,,,
P11,,,,,,,,,,,,,,,,,,,,,,,,,,,,,,,,,,5,,,65.79,,,,,,,,,,,,,anneal,0,0,,,,,
P11,,,,,,,,,,,,,,,,,,,,,,,,,,,,,,,,,,6,,,,,,,,,,,,,,,,biax,0,1,,,,,
P9,,,,,,,,,,,,,,,,,,,,,,,,,,,,,,,,,,,,,,,,,,,,,,,,,,,,,COMPLETED,true,true,14,14